{
    "rotation": [
        [
            0.0,
            0.0,
            1.0
        ],
        [
            -1.0,
            0.0,
            0.0
        ],
        [
            0.0,
            -1.0,
            0.0
        ]
    ],
    "offset": [
        0.0,
        0.0,
        0.0
    ],
    "matrix": [
        [
            924.09,
            0.0,
            612.90
        ],
        [
            0.0,
            929.80,
            475.76
        ],
        [
            0.0,
            0.0,
            1.0
        ]
    ],
    "disto": [
        [
            0.048,
            -0.058,
            0.024,
            0.001,
            0.043
        ]
    ],
    "rotvec": [
        [
            [
                -0.20567602984269137
            ],
            [
                -0.09240247774038712
            ],
            [
                0.02046965327302389
            ]
        ],
        [
            [
                -0.22704180330523838
            ],
            [
                0.04027013151546114
            ],
            [
                -0.007272094535225664
            ]
        ],
        [
            [
                -0.2219908545984557
            ],
            [
                -0.016277281501431363
            ],
            [
                -0.030445703669524544
            ]
        ],
        [
            [
                -0.17139637877906239
            ],
            [
                0.3785231750049506
            ],
            [
                0.11439851393733876
            ]
        ],
        [
            [
                -0.30148327960070537
            ],
            [
                -0.35295630391514804
            ],
            [
                0.13288886321339669
            ]
        ],
        [
            [
                -0.4107430303305735
            ],
            [
                0.0759133409996019
            ],
            [
                0.3034892924427224
            ]
        ],
        [
            [
                -0.10556618799789762
            ],
            [
                0.19950364954793803
            ],
            [
                0.0688091343765354
            ]
        ],
        [
            [
                -0.12773292087031568
            ],
            [
                0.08107928827136388
            ],
            [
                0.1063854476084463
            ]
        ],
        [
            [
                -0.04717977048233709
            ],
            [
                0.24807684928453058
            ],
            [
                0.04922506679946868
            ]
        ],
        [
            [
                -0.01890336528019428
            ],
            [
                0.2741824994465207
            ],
            [
                -0.04166330340967639
            ]
        ],
        [
            [
                -0.09798510865075473
            ],
            [
                0.12479904969376361
            ],
            [
                -0.01074295437496355
            ]
        ],
        [
            [
                -0.1519842266796714
            ],
            [
                0.20736384817104678
            ],
            [
                0.005708474384156333
            ]
        ],
        [
            [
                -0.04332420336348036
            ],
            [
                0.24644100091270543
            ],
            [
                -0.04134820389629773
            ]
        ],
        [
            [
                0.13990162562203995
            ],
            [
                0.24561391594498888
            ],
            [
                0.613379281978209
            ]
        ],
        [
            [
                0.07760334286848244
            ],
            [
                -0.40817334927954774
            ],
            [
                0.11338114891098011
            ]
        ],
        [
            [
                0.0029770848042199195
            ],
            [
                0.3893724501354603
            ],
            [
                0.0597344474144472
            ]
        ],
        [
            [
                0.11547451962147902
            ],
            [
                -0.08765157024578928
            ],
            [
                0.0632490299082059
            ]
        ],
        [
            [
                0.02332187076164638
            ],
            [
                0.12388845707405774
            ],
            [
                0.13396735633233375
            ]
        ],
        [
            [
                -0.6682245248963861
            ],
            [
                0.3782621958548437
            ],
            [
                0.2612619259392469
            ]
        ],
        [
            [
                -0.1732383781274243
            ],
            [
                1.316889827483831
            ],
            [
                0.20014954615486866
            ]
        ]
    ],