{
    "matrix": [
        [
            900.3239207057085,
            0.0,
            337.31882071657697
        ],
        [
            0.0,
            900.7868163359963,
            628.0801950505275
        ],
        [
            0.0,
            0.0,
            1.0
        ]
    ],
    "disto": [
        [
            0.04258517795819953,
            -0.03597195557184325,
            0.0004022170399019727,
            3.2136952983078625e-06,
            -0.03631344299898325
        ]
    ],
    "rotvec": [
        [
            [
                -0.38021133850575933
            ],
            [
                0.01360880131241138
            ],
            [
                0.4964786753166468
            ]
        ],
        [
            [
                -0.11300773669431985
            ],
            [
                -0.20168453123856234
            ],
            [
                -0.33362106595622926
            ]
        ],
        [
            [
                -0.027615975652534673
            ],
            [
                -0.36486186914526697
            ],
            [
                0.06028347149629119
            ]
        ],
        [
            [
                -0.05353316135405258
            ],
            [
                -0.39258816414861
            ],
            [
                -0.01792485265568135
            ]
        ],
        [
            [
                -0.340839512145958
            ],
            [
                -0.06121846214189018
            ],
            [
                -0.08418422707185365
            ]
        ],
        [
            [
                0.1502516439351114
            ],
            [
                -0.2812198655211338
            ],
            [
                0.29358461412350395
            ]
        ],
        [
            [
                -0.4698498398043879
            ],
            [
                -0.19719386876282965
            ],
            [
                2.225160007972597
            ]
        ],
        [
            [
                -0.34877994314936844
            ],
            [
                -0.08320170022310568
            ],
            [
                0.016108832724762417
            ]
        ],
        [
            [
                -0.4216420101012768
            ],
            [
                -0.1617468465474707
            ],
            [
                -0.028445992233197548
            ]
        ],
        [
            [
                -0.05030625968570059
            ],
            [
                0.0024158212870665067
            ],
            [
                -0.10070815893649956
            ]
        ]
    ],
    "travec": [
        [
            [
                2.713036436100104
            ],
            [
                -11.402460091512177
            ],
            [
                46.891716204473994
            ]
        ],
        [
            [
                -1.248702139671171
            ],
            [
                -2.589755959050444
            ],
            [
                41.63320283035892
            ]
        ],
        [
            [
                -10.537869859938196
            ],
            [
                -20.45433372702468
            ],
            [
                36.63335671230936
            ]
        ],
        [
            [
                -7.884917078475227
            ],
            [
                -19.496628508891458
            ],
            [
                36.34574295372183
            ]
        ],
        [
            [
                -1.2647836814176054
            ],
            [
                -20.379723188089486
            ],
            [
                42.63728238881415
            ]
        ],
        [
            [
                -3.9981624151959383
            ],
            [
                -7.040832024555112
            ],
            [
                34.82329527709416
            ]
        ],
        [
            [
                11.181977433341975
            ],
            [
                3.5925192923593454
            ],
            [
                38.73102601818441
            ]
        ],
        [
            [
                -5.360078909964252
            ],
            [
                -0.9439060597490292
            ],
            [
                34.037092916132195
            ]
        ],
        [
            [
                -6.3333621208415325
            ],
            [
                -2.3241742703166257
            ],
            [
                52.65313448987633
            ]
        ],
        [
            [
                -10.191322522388974
            ],
            [
                -17.694057206816765
            ],
            [
                36.73500062867949
            ]
        ]
    ]
}
