{
    "matrix": [
        [
            270.56009793357487,
            0.0,
            168.48898499628993
        ],
        [
            0.0,
            366.5761863049535,
            262.5112493131362
        ],
        [
            0.0,
            0.0,
            1.0
        ]
    ],
    "disto": [
        [
            -0.7281582876986444,
            1.0467276312155809,
            0.05517323130322384,
            0.06298752040739362,
            -0.6545109724891084
        ]
    ],
    "rotvec": [
        [
            [
                0.5586744875091101
            ],
            [
                0.9240168013140799
            ],
            [
                2.9285302090788505
            ]
        ],
        [
            [
                1.1178254511377756
            ],
            [
                1.4958778943569733
            ],
            [
                2.523081277834637
            ]
        ],
        [
            [
                0.16067382981223882
            ],
            [
                1.7957293487339787
            ],
            [
                2.34974714064949
            ]
        ],
        [
            [
                0.33310569835246007
            ],
            [
                -0.8344537647951761
            ],
            [
                2.707258123635519
            ]
        ],
        [
            [
                0.16592131959282
            ],
            [
                -1.0178778970942601
            ],
            [
                2.6941463703433173
            ]
        ],
        [
            [
                0.867036402710206
            ],
            [
                1.59959340024615
            ],
            [
                2.394844805332116
            ]
        ],
        [
            [
                -0.34609471488747595
            ],
            [
                0.6426375563219988
            ],
            [
                2.890418686952953
            ]
        ],
        [
            [
                -0.3894422570744502
            ],
            [
                -0.6714734399323877
            ],
            [
                3.0327090380407515
            ]
        ],
        [
            [
                0.3917929593114207
            ],
            [
                -0.8265807049125805
            ],
            [
                2.762216476343352
            ]
        ],
        [
            [
                -0.9666096734930844
            ],
            [
                0.4881981771006801
            ],
            [
                -0.10592064726282407
            ]
        ]
    ],
    "travec": [
        [
            [
                22.23525213083799
            ],
            [
                0.7557079736255785
            ],
            [
                62.718422815627136
            ]
        ],
        [
            [
                19.202490320568078
            ],
            [
                13.460944105251139
            ],
            [
                27.223129015484055
            ]
        ],
        [
            [
                3.2867176684552817
            ],
            [
                15.212991562973471
            ],
            [
                24.003687624702543
            ]
        ],
        [
            [
                20.421710077875563
            ],
            [
                -5.970067347287052
            ],
            [
                26.214432778215436
            ]
        ],
        [
            [
                10.000883953599663
            ],
            [
                -4.468660189824218
            ],
            [
                28.835954422613778
            ]
        ],
        [
            [
                22.187630038920236
            ],
            [
                12.000589629010225
            ],
            [
                26.640673091527407
            ]
        ],
        [
            [
                4.544407199925576
            ],
            [
                -4.1984524278992525
            ],
            [
                26.017646274397144
            ]
        ],
        [
            [
                4.494746749766649
            ],
            [
                13.02137375281034
            ],
            [
                27.168621253369324
            ]
        ],
        [
            [
                17.79290443106759
            ],
            [
                4.211935712680283
            ],
            [
                28.897155027521467
            ]
        ],
        [
            [
                7.680815029338882
            ],
            [
                13.0812263519216
            ],
            [
                35.308151047134054
            ]
        ]
    ]
}
