{
    "matrix": [
        [
            911.4344011282251,
            0.0,
            358.1243780870531
        ],
        [
            0.0,
            912.1111990007363,
            683.3293290767336
        ],
        [
            0.0,
            0.0,
            1.0
        ]
    ],
    "disto": [
        [
            0.0583814426243965,
            -0.06612896987894588,
            0.00011216484784556457,
            -0.0008724128809728855,
            -0.0010803360371471893
        ]
    ],
    "rotvec": [
        [
            [
                0.09223077240304813
            ],
            [
                -0.14398737146436427
            ],
            [
                -3.1292247301851357
            ]
        ],
        [
            [
                -0.07930683364612733
            ],
            [
                0.05026231767850803
            ],
            [
                3.1257549999149936
            ]
        ],
        [
            [
                -0.03833673111443144
            ],
            [
                -0.9951253952501219
            ],
            [
                2.931889443321727
            ]
        ],
        [
            [
                0.006601732333868975
            ],
            [
                0.12406032060779015
            ],
            [
                3.1347946647653884
            ]
        ],
        [
            [
                -0.04988930280897739
            ],
            [
                -0.8204899203477194
            ],
            [
                3.013055173546855
            ]
        ],
        [
            [
                0.32329612178996486
            ],
            [
                0.4774195859111935
            ],
            [
                3.016335918700331
            ]
        ],
        [
            [
                0.050789517757305974
            ],
            [
                0.2942656745795663
            ],
            [
                3.116557993136194
            ]
        ],
        [
            [
                -0.06715665613946467
            ],
            [
                0.16930443864231803
            ],
            [
                3.107341272062713
            ]
        ],
        [
            [
                0.07487789969864081
            ],
            [
                -0.748300593840513
            ],
            [
                2.9975473461170132
            ]
        ],
        [
            [
                0.09877829215469017
            ],
            [
                -1.173428976578458
            ],
            [
                2.866345477353217
            ]
        ]
    ],
    "travec": [
        [
            [
                4.522487122286615
            ],
            [
                8.239536390074859
            ],
            [
                41.344212496106124
            ]
        ],
        [
            [
                1.5473247928287042
            ],
            [
                -2.2310120125876125
            ],
            [
                39.89614304482278
            ]
        ],
        [
            [
                3.1483724338799552
            ],
            [
                -7.501797786794166
            ],
            [
                42.731093371455174
            ]
        ],
        [
            [
                13.797780989888405
            ],
            [
                -3.6041852478491236
            ],
            [
                43.5062827584488
            ]
        ],
        [
            [
                13.023840214786057
            ],
            [
                -11.099415625535476
            ],
            [
                50.01165159207633
            ]
        ],
        [
            [
                8.376049879987267
            ],
            [
                18.160363452226413
            ],
            [
                42.10678072003756
            ]
        ],
        [
            [
                14.92094493667506
            ],
            [
                20.3605762286737
            ],
            [
                43.83824092787762
            ]
        ],
        [
            [
                -3.7781990670036083
            ],
            [
                19.80871382339754
            ],
            [
                44.52565307686693
            ]
        ],
        [
            [
                -1.889487419546345
            ],
            [
                21.47817081492506
            ],
            [
                51.130118237099964
            ]
        ],
        [
            [
                4.829462520668994
            ],
            [
                1.5519437002463887
            ],
            [
                52.077449576190205
            ]
        ]
    ]
}
