{
    "matrix": [
        [
            899.6895425820632,
            0.0,
            332.36457754979847
        ],
        [
            0.0,
            899.79605837853,
            679.2114137727417
        ],
        [
            0.0,
            0.0,
            1.0
        ]
    ],
    "disto": [
        [
            0.050456210591980646,
            -0.058587596999269506,
            9.801607171241163e-06,
            -0.0012585314422040152,
            -0.022873160512791053
        ]
    ],
    "rotvec": [
        [
            [
                -0.3364983188121965
            ],
            [
                0.006558433469032829
            ],
            [
                -0.04873961632993396
            ]
        ],
        [
            [
                0.5372726997891595
            ],
            [
                0.1384722164383761
            ],
            [
                -1.5826722063939158
            ]
        ],
        [
            [
                -0.220949736238591
            ],
            [
                -0.5260166448063132
            ],
            [
                0.0708387029880457
            ]
        ],
        [
            [
                -0.10656175512965205
            ],
            [
                -0.11574121219920717
            ],
            [
                -0.6396478815868457
            ]
        ],
        [
            [
                -0.6998711439304061
            ],
            [
                -0.03178236114011196
            ],
            [
                -0.03146821541444979
            ]
        ],
        [
            [
                0.04422912572132587
            ],
            [
                -0.16951730825320283
            ],
            [
                -0.06982143680140757
            ]
        ],
        [
            [
                -0.08457360343695607
            ],
            [
                -0.11268596297121351
            ],
            [
                -0.0005852213697079066
            ]
        ],
        [
            [
                -0.11980242951426591
            ],
            [
                -0.15032956472950038
            ],
            [
                0.6724888448170091
            ]
        ],
        [
            [
                0.0386122948477811
            ],
            [
                -0.07703699776689525
            ],
            [
                -1.028752938251439
            ]
        ],
        [
            [
                0.2800872579290475
            ],
            [
                0.5802620987576764
            ],
            [
                -1.5448489875650664
            ]
        ]
    ],
    "travec": [
        [
            [
                -2.9555762283825913
            ],
            [
                -13.945429592367768
            ],
            [
                34.78149809543916
            ]
        ],
        [
            [
                -7.306381940457991
            ],
            [
                -10.794447471494854
            ],
            [
                39.62285434506707
            ]
        ],
        [
            [
                -3.021049650404537
            ],
            [
                -8.082555588123157
            ],
            [
                38.500638212385
            ]
        ],
        [
            [
                -9.749175049308652
            ],
            [
                -2.1958214494144066
            ],
            [
                55.523053964057354
            ]
        ],
        [
            [
                -5.513988404812599
            ],
            [
                -3.647240200113763
            ],
            [
                35.83888729484511
            ]
        ],
        [
            [
                2.2147972736361994
            ],
            [
                -29.472775211632182
            ],
            [
                50.954019263900335
            ]
        ],
        [
            [
                -6.052443426387259
            ],
            [
                -13.223223658163278
            ],
            [
                25.369368375076725
            ]
        ],
        [
            [
                1.3405998298461972
            ],
            [
                -18.116459197924502
            ],
            [
                50.26854448545814
            ]
        ],
        [
            [
                -10.519981950344377
            ],
            [
                -10.88744878663744
            ],
            [
                49.21978409017795
            ]
        ],
        [
            [
                -5.629308800156302
            ],
            [
                6.891125104482462
            ],
            [
                51.294399147941206
            ]
        ]
    ],
    "rotation": [
        [
            0.0,
            0.0,
            1.0
        ],
        [
            -1.0,
            0.0,
            0.0
        ],
        [
            0.0,
            -1.0,
            0.0
        ]
    ],
    "offset": [
        0.0,
        0.0,
        0.0
    ]
}
