{
    "matrix": [
        [
            1121.9157012370742,
            0.0,
            474.73193691381334
        ],
        [
            0.0,
            1207.8405865739355,
            584.8946528166997
        ],
        [
            0.0,
            0.0,
            1.0
        ]
    ],
    "disto": [
        [
            0.3867751536534743,
            -0.3095519162669965,
            0.09546717630069108,
            -0.04912571580241188,
            0.24138542374570696
        ]
    ],
    "rotvec": [
        [
            [
                0.6936572828521542
            ],
            [
                -0.5304091767120475
            ],
            [
                0.3881604106789071
            ]
        ],
        [
            [
                -0.29247987123121827
            ],
            [
                0.026913002839941545
            ],
            [
                0.5095901925642703
            ]
        ],
        [
            [
                -0.20516838257716832
            ],
            [
                0.40469948062852645
            ],
            [
                0.6966846953991237
            ]
        ],
        [
            [
                0.06924726689022255
            ],
            [
                -0.4096020858769809
            ],
            [
                0.2703327165557414
            ]
        ],
        [
            [
                0.47338388741315207
            ],
            [
                -0.13693169473868194
            ],
            [
                1.1110276090428182
            ]
        ],
        [
            [
                0.35915586634801233
            ],
            [
                0.39878443855186163
            ],
            [
                1.1316161085636187
            ]
        ],
        [
            [
                0.6051070315542678
            ],
            [
                0.13649630630603843
            ],
            [
                0.6755748110527046
            ]
        ],
        [
            [
                0.1525173498204179
            ],
            [
                0.8113919982933003
            ],
            [
                0.9051350806012726
            ]
        ],
        [
            [
                0.5898614687003824
            ],
            [
                -0.2879916765678807
            ],
            [
                0.9755627010656797
            ]
        ],
        [
            [
                0.7573395490868261
            ],
            [
                -0.17733969031996408
            ],
            [
                1.0120847714384387
            ]
        ]
    ],
    "travec": [
        [
            [
                -5.23137719727225
            ],
            [
                -6.143146376484531
            ],
            [
                28.997391499407687
            ]
        ],
        [
            [
                -6.545805618509825
            ],
            [
                -10.072917904479352
            ],
            [
                35.46274887027283
            ]
        ],
        [
            [
                -5.403809924909175
            ],
            [
                -10.315660425872105
            ],
            [
                40.78112592560157
            ]
        ],
        [
            [
                16.48979368616468
            ],
            [
                -13.818535794214098
            ],
            [
                60.099556216262094
            ]
        ],
        [
            [
                31.786709889912807
            ],
            [
                -18.476510498501323
            ],
            [
                64.49344649079899
            ]
        ],
        [
            [
                34.35349233452756
            ],
            [
                -29.781085651128386
            ],
            [
                70.81342765784674
            ]
        ],
        [
            [
                -2.599187332517305
            ],
            [
                -3.5046861213066602
            ],
            [
                47.63410780660929
            ]
        ],
        [
            [
                26.020584177932754
            ],
            [
                -15.692003894803248
            ],
            [
                73.366826208373
            ]
        ],
        [
            [
                23.13506327737332
            ],
            [
                -21.434102013827424
            ],
            [
                68.12528236793719
            ]
        ],
        [
            [
                41.43533216592263
            ],
            [
                -26.18763902873315
            ],
            [
                90.09422818862784
            ]
        ]
    ]
}