{
    "matrix": [
        [
            1289.5969133704853,
            0.0,
            459.90091012091784
        ],
        [
            0.0,
            1298.2332221828685,
            533.3445083443279
        ],
        [
            0.0,
            0.0,
            1.0
        ]
    ],
    "disto": [
        [
            -0.03977468916551537,
            -0.05284854270125409,
            0.023852111800670626,
            -0.003297830608140492,
            0.019259249037624444
        ]
    ],
    "rotvec": [
        [
            [
                -0.21580679310980388
            ],
            [
                0.22928811785506878
            ],
            [
                0.28321904745853865
            ]
        ],
        [
            [
                0.054438137126084044
            ],
            [
                -0.007345591969915705
            ],
            [
                0.19108547794072225
            ]
        ],
        [
            [
                0.08819560135425963
            ],
            [
                0.317708762975447
            ],
            [
                0.25324740340994156
            ]
        ],
        [
            [
                0.24601899506233396
            ],
            [
                0.22920632075767994
            ],
            [
                1.5695323371363863
            ]
        ],
        [
            [
                -0.09640635448694429
            ],
            [
                0.2194887750138814
            ],
            [
                0.3239974958644385
            ]
        ],
        [
            [
                0.09937480660570168
            ],
            [
                -0.36291422542586754
            ],
            [
                0.4285296856921094
            ]
        ],
        [
            [
                0.4521092893189715
            ],
            [
                -0.22571465892846806
            ],
            [
                0.630956456568945
            ]
        ],
        [
            [
                0.2579416093237215
            ],
            [
                -0.2756509603517762
            ],
            [
                0.3757309184020779
            ]
        ],
        [
            [
                0.10822521580400356
            ],
            [
                0.6554843195327948
            ],
            [
                0.4291283641955874
            ]
        ],
        [
            [
                0.18828413313712672
            ],
            [
                -0.052105422436007805
            ],
            [
                0.13535174335095979
            ]
        ]
    ],
    "travec": [
        [
            [
                16.739334571277375
            ],
            [
                -8.35137798956936
            ],
            [
                54.54609305757087
            ]
        ],
        [
            [
                -0.5316233811676226
            ],
            [
                -5.377917337444877
            ],
            [
                52.0994695638011
            ]
        ],
        [
            [
                2.040347479536935
            ],
            [
                -10.765434968812809
            ],
            [
                38.94951451559594
            ]
        ],
        [
            [
                15.71979464363113
            ],
            [
                -12.069880665776433
            ],
            [
                44.01955415137501
            ]
        ],
        [
            [
                20.658511112269625
            ],
            [
                -1.2002237507766365
            ],
            [
                50.67647014398381
            ]
        ],
        [
            [
                20.10477706460739
            ],
            [
                -3.6051255076356172
            ],
            [
                44.637929616286115
            ]
        ],
        [
            [
                20.156476006128994
            ],
            [
                -4.133160513805418
            ],
            [
                41.357369281002896
            ]
        ],
        [
            [
                19.76691822649813
            ],
            [
                -14.282666926548446
            ],
            [
                37.476638276257844
            ]
        ],
        [
            [
                -11.633342379709598
            ],
            [
                -15.676615519763587
            ],
            [
                42.17183150877616
            ]
        ],
        [
            [
                5.659402062595303
            ],
            [
                -6.7024299166760555
            ],
            [
                37.86342199155316
            ]
        ]
    ]
}