{
    "matrix": [
        [
            959.8481551321847,
            0.0,
            552.4984417517983
        ],
        [
            0.0,
            957.4849289332666,
            447.33794792582546
        ],
        [
            0.0,
            0.0,
            1.0
        ]
    ],
    "disto": [
        [
            0.048241987961182245,
            0.05782391825838362,
            0.021041645508253347,
            -0.017695373087271274,
            -0.14961115034097802
        ]
    ],
    "rotvec": [
        [
            [
                0.3161706300997412
            ],
            [
                -0.5070406625621389
            ],
            [
                0.14248069719080392
            ]
        ],
        [
            [
                0.2094297154401026
            ],
            [
                0.5346952495818502
            ],
            [
                0.12632732192947693
            ]
        ],
        [
            [
                0.19514025422218434
            ],
            [
                -0.28682092719730085
            ],
            [
                -0.003529306580428297
            ]
        ],
        [
            [
                0.426673033314638
            ],
            [
                0.5058022006956592
            ],
            [
                0.04235866235883694
            ]
        ],
        [
            [
                0.46278563490817054
            ],
            [
                -0.02440920509287799
            ],
            [
                1.2101518888002671
            ]
        ],
        [
            [
                0.21010303254478602
            ],
            [
                -0.1608089018913836
            ],
            [
                1.4508837606256886
            ]
        ],
        [
            [
                0.2354470162912003
            ],
            [
                0.4514092105953294
            ],
            [
                1.3818214757447238
            ]
        ],
        [
            [
                0.06734700441948704
            ],
            [
                -0.4637058775531336
            ],
            [
                1.3043570695010407
            ]
        ],
        [
            [
                -0.09067369039037149
            ],
            [
                -0.37485608121859537
            ],
            [
                0.04710531114832649
            ]
        ],
        [
            [
                0.546186388751829
            ],
            [
                0.28385351654328084
            ],
            [
                1.4491502592531305
            ]
        ]
    ],
    "travec": [
        [
            [
                -11.832949277188446
            ],
            [
                -6.654775889126331
            ],
            [
                35.63405330081429
            ]
        ],
        [
            [
                -13.835764242589958
            ],
            [
                -10.308508242330507
            ],
            [
                34.267891871653816
            ]
        ],
        [
            [
                3.0363327062061116
            ],
            [
                -7.090161064222302
            ],
            [
                33.232846558278915
            ]
        ],
        [
            [
                12.061484175895627
            ],
            [
                -7.728585576119982
            ],
            [
                35.95748295287829
            ]
        ],
        [
            [
                19.404217413693296
            ],
            [
                -9.41647543986821
            ],
            [
                36.060348822889495
            ]
        ],
        [
            [
                -1.1019836375156975
            ],
            [
                -6.646171472183888
            ],
            [
                35.39078764364845
            ]
        ],
        [
            [
                2.245700581416009
            ],
            [
                1.9697895105429626
            ],
            [
                31.057256430100335
            ]
        ],
        [
            [
                -6.418789822305156
            ],
            [
                -11.382713071993006
            ],
            [
                33.23214617477952
            ]
        ],
        [
            [
                14.076121009077568
            ],
            [
                -11.813668063938904
            ],
            [
                31.567801899981777
            ]
        ],
        [
            [
                10.325728133886459
            ],
            [
                -5.397283371317773
            ],
            [
                42.482654746514676
            ]
        ]
    ]
}