{
    "matrix": [
        [
            885.7053759519275,
            0.0,
            331.07785552911037
        ],
        [
            0.0,
            885.0131080846559,
            674.1112229410642
        ],
        [
            0.0,
            0.0,
            1.0
        ]
    ],
    "disto": [
        [
            0.0929255807121848,
            -0.3579025073393153,
            -0.0007864948810880305,
            -0.0008819016362057421,
            0.40256552241610105
        ]
    ],
    "rotvec": [
        [
            [
                -0.14836244390321723
            ],
            [
                -0.08710230930978222
            ],
            [
                0.4012832817745792
            ]
        ],
        [
            [
                1.0226231826315493
            ],
            [
                -0.23990080075522
            ],
            [
                -0.1714264013297753
            ]
        ],
        [
            [
                0.047327318118524135
            ],
            [
                -0.5239506506563356
            ],
            [
                0.05182097417553579
            ]
        ],
        [
            [
                0.6918165528989406
            ],
            [
                0.523741641538323
            ],
            [
                0.08433200322948387
            ]
        ],
        [
            [
                0.10836556225081025
            ],
            [
                -0.08371312470891773
            ],
            [
                0.8077773768110784
            ]
        ],
        [
            [
                0.43207160594080835
            ],
            [
                -0.3329181589663202
            ],
            [
                -0.44612045588322957
            ]
        ],
        [
            [
                -0.058907588366710596
            ],
            [
                0.0358417485371433
            ],
            [
                0.08519426652944094
            ]
        ],
        [
            [
                0.25939332220587674
            ],
            [
                -0.14108899332410094
            ],
            [
                0.009845225969460684
            ]
        ],
        [
            [
                0.8458129213311288
            ],
            [
                0.06265250997054748
            ],
            [
                0.018541769510449058
            ]
        ],
        [
            [
                -0.5136025015552915
            ],
            [
                0.1253285022831391
            ],
            [
                -0.0505736435763524
            ]
        ]
    ],
    "travec": [
        [
            [
                4.582621442123199
            ],
            [
                -9.519897394130695
            ],
            [
                50.43724026269718
            ]
        ],
        [
            [
                -4.2213748969483
            ],
            [
                -18.626163749874245
            ],
            [
                33.459469722151525
            ]
        ],
        [
            [
                -4.5605370417065405
            ],
            [
                -8.033992349590378
            ],
            [
                32.72178184785026
            ]
        ],
        [
            [
                -3.624393287281
            ],
            [
                -11.395507865253554
            ],
            [
                46.60479256638569
            ]
        ],
        [
            [
                5.150012889855662
            ],
            [
                -4.535823181400533
            ],
            [
                46.88892878594668
            ]
        ],
        [
            [
                -6.1332706369362775
            ],
            [
                -14.374289221974575
            ],
            [
                30.79641659927118
            ]
        ],
        [
            [
                1.5521333561686874
            ],
            [
                -10.92457053073224
            ],
            [
                60.46785656502812
            ]
        ],
        [
            [
                -3.9465269058214862
            ],
            [
                -12.589708976251625
            ],
            [
                26.338594465728146
            ]
        ],
        [
            [
                -3.1110689739689934
            ],
            [
                -18.65132349889159
            ],
            [
                43.552724554226025
            ]
        ],
        [
            [
                -4.240371033310743
            ],
            [
                -5.9676984588561774
            ],
            [
                45.2257482177215
            ]
        ]
    ],
    "rotation": [
        [
            0.0,
            0.0,
            1.0
        ],
        [
            -1.0,
            0.0,
            0.0
        ],
        [
            0.0,
            -1.0,
            0.0
        ]
    ],
    "offset": [
        0.0,
        0.0,
        0.0
    ]
}
