{
    "matrix": [
        [
            1139.5902238278447,
            0.0,
            383.4422239426888
        ],
        [
            0.0,
            1145.771558025816,
            538.1195061097163
        ],
        [
            0.0,
            0.0,
            1.0
        ]
    ],
    "disto": [
        [
            0.24492439466504748,
            -1.1001677221227448,
            -0.04388516488678835,
            0.0047428891827798626,
            4.483937544311198
        ]
    ],
    "rotvec": [
        [
            [
                -0.11987226489060507
            ],
            [
                0.10773953716407175
            ],
            [
                0.020813299545048593
            ]
        ],
        [
            [
                -0.2892881187244064
            ],
            [
                0.02929459443307501
            ],
            [
                0.22939382784426965
            ]
        ],
        [
            [
                0.0043054399161801885
            ],
            [
                -0.6124921323661058
            ],
            [
                -2.821435114763268
            ]
        ],
        [
            [
                -0.18766109982132748
            ],
            [
                -0.09294131180374615
            ],
            [
                0.21133969652699436
            ]
        ],
        [
            [
                -0.2614099280350583
            ],
            [
                -0.09220116205114706
            ],
            [
                0.04254402591080761
            ]
        ],
        [
            [
                -0.19442928311008426
            ],
            [
                -0.23442142974192812
            ],
            [
                0.1315935335981827
            ]
        ],
        [
            [
                0.025621394923802096
            ],
            [
                0.21754425364654795
            ],
            [
                0.20379462538512733
            ]
        ],
        [
            [
                0.057879897448450436
            ],
            [
                -0.1420917188839746
            ],
            [
                0.14828184108057002
            ]
        ],
        [
            [
                -0.12338317670785787
            ],
            [
                -0.06588417880881423
            ],
            [
                0.10669503130734376
            ]
        ],
        [
            [
                0.21778989247331693
            ],
            [
                -0.20772648730845858
            ],
            [
                0.06696618695396109
            ]
        ]
    ],
    "travec": [
        [
            [
                -3.0775228952917466
            ],
            [
                14.526233261576209
            ],
            [
                73.16109869128097
            ]
        ],
        [
            [
                -0.6475518358434514
            ],
            [
                7.7811435751593745
            ],
            [
                66.21467949939061
            ]
        ],
        [
            [
                -1.5069899347119735
            ],
            [
                21.1328162842439
            ],
            [
                62.14351214812338
            ]
        ],
        [
            [
                1.8053542244550689
            ],
            [
                2.6580007725242325
            ],
            [
                65.30145178051139
            ]
        ],
        [
            [
                -15.567306185437404
            ],
            [
                17.292261621493143
            ],
            [
                75.906996492297
            ]
        ],
        [
            [
                -7.3507788931569635
            ],
            [
                0.6977978877064233
            ],
            [
                74.55054977280487
            ]
        ],
        [
            [
                -11.389341982769498
            ],
            [
                7.44470050781745
            ],
            [
                72.1047004118002
            ]
        ],
        [
            [
                5.317771565425344
            ],
            [
                -8.489329466942054
            ],
            [
                71.24002799127575
            ]
        ],
        [
            [
                -3.5007848356448186
            ],
            [
                -7.3222806984155655
            ],
            [
                73.98373548853282
            ]
        ],
        [
            [
                -6.335530389597504
            ],
            [
                0.45007842449022983
            ],
            [
                76.66780643429313
            ]
        ]
    ],
    "rotation": [
        [
            0.0,
            0.0,
            1.0
        ],
        [
            -1.0,
            0.0,
            0.0
        ],
        [
            0.0,
            -1.0,
            0.0
        ]
    ],
    "offset": [
        0.0,
        0.0,
        0.0
    ]
}
