{"matrix": [[1026.8629145460116, 0.0, 350.4990704406161], [0.0, 1041.3640316179153, 579.0258244276035], [0.0, 0.0, 1.0]], "disto": [[-0.2048484885571216, 4.591176856387436, -0.04633760441155074, -0.005821610558990876, -28.851800745175264]], "rotvec": [[[-0.14196251541945987], [0.08862946737083646], [0.11194406585299808]], [[0.15542952809985977], [0.2962976131279995], [-3.0830903453550063]], [[0.3002033346106271], [-0.1868745056235267], [0.14902070346666058]], [[-0.0826387008147838], [-0.10343678182053531], [0.175473748706319]], [[-0.3170226437128578], [0.028654751335222273], [0.12307443601511289]], [[-0.06179608259800132], [0.08565839781260191], [0.30194675311074687]], [[0.12322526584826518], [-0.2328754945214303], [0.1781594967679386]], [[0.13273446191376345], [-0.01584485406893355], [0.23914719972730372]], [[-0.030552258162549983], [-0.5562593568571016], [-2.897960752287087]], [[-0.3921214536328263], [-0.3865188418957031], [0.046316940188612675]]], "travec": [[[-11.228511664683253], [-8.199846497465177], [67.16503169085735]], [[-12.568556132517479], [-4.381832094902559], [65.88002417756343]], [[-2.1132433635841665], [-14.216354500430889], [62.23693042902753]], [[-6.096635085918436], [4.35753013277329], [66.21138512355972]], [[-13.46454346584621], [0.619762073751051], [66.11894446596567]], [[-11.995365103281433], [-9.718636471564949], [63.49914022833304]], [[-0.4319847111698487], [8.640187436674088], [63.922208125655594]], [[-5.743348166520237], [13.645295628920808], [62.83824397014077]], [[-8.284747240235722], [-3.5554270162373633], [59.68963167891242]], [[-13.18199025945392], [15.313747281113253], [76.39034392362859]]]}