{
    "matrix": [
        [
            5804.5438064798545,
            0.0,
            419.45628869597437
        ],
        [
            0.0,
            5864.771493280166,
            638.5986635055881
        ],
        [
            0.0,
            0.0,
            1.0
        ]
    ],
    "disto": [
        [
            8.545048700670531,
            -396.37420505029854,
            0.4356962167522828,
            -0.2484987433906132,
            9476.641413204756
        ]
    ],
    "rotvec": [
        [
            [
                0.01540752020621044
            ],
            [
                0.5349917049944332
            ],
            [
                1.246555118484434
            ]
        ],
        [
            [
                -0.014326182832526544
            ],
            [
                0.8469614979828534
            ],
            [
                1.4034735029868486
            ]
        ],
        [
            [
                0.056961743780160716
            ],
            [
                0.45234179650483775
            ],
            [
                0.7445399372072833
            ]
        ],
        [
            [
                -0.5035886797603288
            ],
            [
                0.30471443251299474
            ],
            [
                0.21022988492498704
            ]
        ],
        [
            [
                0.2615028471616059
            ],
            [
                -0.3728156597147606
            ],
            [
                0.42044444419778415
            ]
        ],
        [
            [
                0.22318064698666815
            ],
            [
                -0.19493534448650465
            ],
            [
                0.052479935186397215
            ]
        ],
        [
            [
                -0.35514137013828784
            ],
            [
                0.47895711254961604
            ],
            [
                0.6381704731004268
            ]
        ],
        [
            [
                -0.0030918419476192067
            ],
            [
                -0.6122601995381933
            ],
            [
                -0.06745513676776704
            ]
        ],
        [
            [
                0.02232383567189079
            ],
            [
                -0.6833019111556166
            ],
            [
                -0.08911483458853635
            ]
        ],
        [
            [
                -0.21471425421841236
            ],
            [
                0.4234959762269393
            ],
            [
                1.2953079705723736
            ]
        ]
    ],
    "travec": [
        [
            [
                13.033747974151446
            ],
            [
                -11.275725202960212
            ],
            [
                175.82449762961102
            ]
        ],
        [
            [
                22.78020868940502
            ],
            [
                -9.943057775649772
            ],
            [
                162.919236356396
            ]
        ],
        [
            [
                3.186090542975019
            ],
            [
                -14.251470681527879
            ],
            [
                152.98317469254133
            ]
        ],
        [
            [
                0.23193698300753157
            ],
            [
                -5.733300933826336
            ],
            [
                169.55368132977142
            ]
        ],
        [
            [
                5.617715680667089
            ],
            [
                -4.530436559044391
            ],
            [
                166.6693241276362
            ]
        ],
        [
            [
                -3.809163257560472
            ],
            [
                -5.6611667061266715
            ],
            [
                147.72424115879372
            ]
        ],
        [
            [
                -1.7999707908840716
            ],
            [
                -16.288020568754643
            ],
            [
                153.74698574857146
            ]
        ],
        [
            [
                15.99054880409645
            ],
            [
                -18.464316209123343
            ],
            [
                206.13335312221216
            ]
        ],
        [
            [
                14.907048321399493
            ],
            [
                -15.062255125530092
            ],
            [
                194.51711003240118
            ]
        ],
        [
            [
                19.609427065380423
            ],
            [
                -8.910108099897695
            ],
            [
                187.3052613736641
            ]
        ]
    ]
}