{
    "matrix": [
        [
            896.1373899620113,
            0.0,
            339.59105598785885
        ],
        [
            0.0,
            896.1984922710955,
            651.1083787089436
        ],
        [
            0.0,
            0.0,
            1.0
        ]
    ],
    "disto": [
        [
            0.04615767196226632,
            -0.0693213427980195,
            -0.0015670242890957371,
            -0.0009607672243319604,
            -0.003519056903545883
        ]
    ],
    "rotvec": [
        [
            [
                0.23610886234794512
            ],
            [
                -0.2559866939617821
            ],
            [
                -2.847853128720373
            ]
        ],
        [
            [
                -0.08772730238935868
            ],
            [
                -0.013146095812965462
            ],
            [
                2.925250252252572
            ]
        ],
        [
            [
                0.06949427351996136
            ],
            [
                0.9144713132458533
            ],
            [
                -2.990585294697549
            ]
        ],
        [
            [
                -0.3693728723229588
            ],
            [
                -0.3920715074379731
            ],
            [
                -1.5468697817939785
            ]
        ],
        [
            [
                -0.17197946846575185
            ],
            [
                0.738783530105405
            ],
            [
                3.0004193108084585
            ]
        ],
        [
            [
                1.0019290919468633
            ],
            [
                -0.776850215121617
            ],
            [
                2.4464949753281657
            ]
        ],
        [
            [
                0.7194489769176019
            ],
            [
                -0.34233310067573464
            ],
            [
                -2.734132099690166
            ]
        ],
        [
            [
                0.005991810796093804
            ],
            [
                -0.2977899659034822
            ],
            [
                0.27466261602329833
            ]
        ],
        [
            [
                0.5113813803276829
            ],
            [
                -0.1598378197183486
            ],
            [
                0.1185325548309036
            ]
        ],
        [
            [
                0.619454163037477
            ],
            [
                -0.48619438583108304
            ],
            [
                1.094676922841269
            ]
        ]
    ],
    "travec": [
        [
            [
                2.8698347245239737
            ],
            [
                9.00323957388945
            ],
            [
                44.47276893497906
            ]
        ],
        [
            [
                9.360714469469524
            ],
            [
                4.270816673110348
            ],
            [
                26.620584162571543
            ]
        ],
        [
            [
                7.266718764893489
            ],
            [
                -8.366925307918159
            ],
            [
                56.36587056836134
            ]
        ],
        [
            [
                -8.663142061998473
            ],
            [
                7.4919828977946885
            ],
            [
                44.13603915165061
            ]
        ],
        [
            [
                7.217821694189831
            ],
            [
                7.521702045970719
            ],
            [
                28.23234300293722
            ]
        ],
        [
            [
                7.435714790880699
            ],
            [
                -4.143721134006092
            ],
            [
                41.04683355933714
            ]
        ],
        [
            [
                5.598587788489123
            ],
            [
                10.267436791281316
            ],
            [
                28.12468140562424
            ]
        ],
        [
            [
                -1.1660681432895568
            ],
            [
                -20.829760737383193
            ],
            [
                42.982435739899415
            ]
        ],
        [
            [
                -4.148167544665492
            ],
            [
                -11.664976027173685
            ],
            [
                21.25974666799962
            ]
        ],
        [
            [
                6.135750605509643
            ],
            [
                -5.917633902620987
            ],
            [
                50.32560655405466
            ]
        ]
    ],
    "rotation": [
        [
            0.0,
            0.0,
            1.0
        ],
        [
            -1.0,
            0.0,
            0.0
        ],
        [
            0.0,
            -1.0,
            0.0
        ]
    ],
    "offset": [
        0.0,
        0.0,
        0.0
    ]
}
