{
    "matrix": [
        [
            902.6757273943186,
            0.0,
            363.107512323013
        ],
        [
            0.0,
            904.038712587156,
            618.9338182465995
        ],
        [
            0.0,
            0.0,
            1.0
        ]
    ],
    "disto": [
        [
            0.047237896148298014,
            -0.07311296439111933,
            -9.808115878171235e-05,
            0.0003098367711523993,
            0.01464045110700491
        ]
    ],
    "rotvec": [
        [
            [
                0.2628239512543112
            ],
            [
                -0.08945711629610203
            ],
            [
                3.113096970660247
            ]
        ],
        [
            [
                0.344463914938809
            ],
            [
                0.8047511888866066
            ],
            [
                -2.050949520967338
            ]
        ],
        [
            [
                -0.2833114863942639
            ],
            [
                1.161892137154765
            ],
            [
                2.8182956434441064
            ]
        ],
        [
            [
                0.4407404346113518
            ],
            [
                -0.8716458026518622
            ],
            [
                -2.05826144928765
            ]
        ],
        [
            [
                -0.22951471627569742
            ],
            [
                -0.05159169369977501
            ],
            [
                2.9466893317171006
            ]
        ],
        [
            [
                0.6549438951661234
            ],
            [
                0.5932930107484
            ],
            [
                -1.6407390727497468
            ]
        ],
        [
            [
                -0.8990897847276816
            ],
            [
                0.16763275037691397
            ],
            [
                2.9735167424022486
            ]
        ],
        [
            [
                0.1639039903249782
            ],
            [
                -0.5718158237404835
            ],
            [
                2.096235307614234
            ]
        ],
        [
            [
                0.2725618801711423
            ],
            [
                -0.7277023818612679
            ],
            [
                -2.9043615300857524
            ]
        ],
        [
            [
                -0.6103739051498395
            ],
            [
                1.1228613933396465
            ],
            [
                -2.776472933727385
            ]
        ]
    ],
    "travec": [
        [
            [
                5.408706939990075
            ],
            [
                -0.07488514742435697
            ],
            [
                43.60490092150839
            ]
        ],
        [
            [
                -9.124942517920521
            ],
            [
                -12.576138307936214
            ],
            [
                56.46306464753198
            ]
        ],
        [
            [
                6.598624501702795
            ],
            [
                14.741679253234597
            ],
            [
                41.26810707040506
            ]
        ],
        [
            [
                -4.272023546151165
            ],
            [
                4.489087178299754
            ],
            [
                31.520691116188917
            ]
        ],
        [
            [
                14.293262225803437
            ],
            [
                14.562895540441465
            ],
            [
                51.247373091156284
            ]
        ],
        [
            [
                -8.175565995433253
            ],
            [
                -6.545875808615218
            ],
            [
                46.34321119096357
            ]
        ],
        [
            [
                5.136191862281359
            ],
            [
                11.026838907849491
            ],
            [
                36.81828896887088
            ]
        ],
        [
            [
                13.042740633310114
            ],
            [
                -13.642419654566885
            ],
            [
                57.47271182803173
            ]
        ],
        [
            [
                5.958255621026785
            ],
            [
                13.692782217295042
            ],
            [
                32.65756858478754
            ]
        ],
        [
            [
                6.037195552500266
            ],
            [
                1.0086919762655957
            ],
            [
                37.541021143529164
            ]
        ]
    ],
    "rotation": [
        [
            0.0,
            0.0,
            1.0
        ],
        [
            -1.0,
            0.0,
            0.0
        ],
        [
            0.0,
            -1.0,
            0.0
        ]
    ],
    "offset": [
        0.0,
        0.0,
        0.0
    ]
}
