{
    "matrix": [
        [
            916.4499869229747,
            0.0,
            529.7896086487028
        ],
        [
            0.0,
            942.085983323447,
            529.1941472556863
        ],
        [
            0.0,
            0.0,
            1.0
        ]
    ],
    "disto": [
        [
            -0.025653885938912047,
            0.1703619892441928,
            0.048729297200451584,
            -0.020995649437513118,
            -0.23955487471027348
        ]
    ],
    "rotvec": [
        [
            [
                -0.3356643025805865
            ],
            [
                -0.3518665412019817
            ],
            [
                1.2600507644939478
            ]
        ],
        [
            [
                0.4383575525625875
            ],
            [
                -0.12530833937224545
            ],
            [
                -0.09764627147376888
            ]
        ],
        [
            [
                0.2953781311004205
            ],
            [
                -0.6262010606180598
            ],
            [
                1.2392782462657668
            ]
        ],
        [
            [
                -0.27045847814078916
            ],
            [
                0.7031536211790159
            ],
            [
                1.2079892278986035
            ]
        ],
        [
            [
                -0.839651426747244
            ],
            [
                -0.42837014274121193
            ],
            [
                0.6684974000979245
            ]
        ],
        [
            [
                -0.6197946936627453
            ],
            [
                -0.43305786215093706
            ],
            [
                0.12162182611783261
            ]
        ],
        [
            [
                -0.29172714481790607
            ],
            [
                -0.22571265951772618
            ],
            [
                1.135311450895319
            ]
        ],
        [
            [
                0.3237121546538013
            ],
            [
                -0.5101704896009909
            ],
            [
                1.2125254013808902
            ]
        ],
        [
            [
                -0.07949701923887675
            ],
            [
                -0.2292576329647105
            ],
            [
                1.1167774868105582
            ]
        ],
        [
            [
                -0.6109647934488139
            ],
            [
                -0.15913924636624655
            ],
            [
                0.857323003585667
            ]
        ]
    ],
    "travec": [
        [
            [
                -4.604678276313003
            ],
            [
                -10.274986714190709
            ],
            [
                21.86596775168267
            ]
        ],
        [
            [
                13.722256932226395
            ],
            [
                -10.626802490751773
            ],
            [
                36.32125564781527
            ]
        ],
        [
            [
                1.93387547899089
            ],
            [
                -7.482775711070411
            ],
            [
                23.93876797544806
            ]
        ],
        [
            [
                7.364059481111997
            ],
            [
                -5.529330232809672
            ],
            [
                36.9351360080256
            ]
        ],
        [
            [
                5.342532787011964
            ],
            [
                -3.7526739417615738
            ],
            [
                36.379783473729894
            ]
        ],
        [
            [
                -10.108175134046688
            ],
            [
                -6.337883566502406
            ],
            [
                22.89253353090207
            ]
        ],
        [
            [
                22.30383925656325
            ],
            [
                -21.90314105483571
            ],
            [
                63.84228362496882
            ]
        ],
        [
            [
                34.51238069688896
            ],
            [
                -34.45694991370636
            ],
            [
                81.33871970884898
            ]
        ],
        [
            [
                7.515516383134814
            ],
            [
                -19.894832455002206
            ],
            [
                40.01908822004371
            ]
        ],
        [
            [
                -1.8821546816359132
            ],
            [
                -4.309240700459237
            ],
            [
                32.30562580723979
            ]
        ]
    ]
}