{
    "matrix": [
        [
            836.0410501307242,
            0.0,
            505.2386384146549
        ],
        [
            0.0,
            824.9552539698062,
            381.318846731369
        ],
        [
            0.0,
            0.0,
            1.0
        ]
    ],
    "disto": [
        [
            0.1710110983345191,
            -1.2030062400265082,
            -0.00758026472501357,
            -0.04843657699338869,
            1.1732398517964369
        ]
    ],
    "rotvec": [
        [
            [
                -0.08089382975409067
            ],
            [
                -0.23998126977716355
            ],
            [
                1.4565287494495962
            ]
        ],
        [
            [
                -0.06719420367567462
            ],
            [
                -0.12226050770710355
            ],
            [
                1.4918001015274538
            ]
        ],
        [
            [
                -0.1354233057134278
            ],
            [
                0.4565827927071955
            ],
            [
                1.3314698603465231
            ]
        ],
        [
            [
                0.049979868797746796
            ],
            [
                0.32378852604151964
            ],
            [
                0.392958574463549
            ]
        ],
        [
            [
                0.450472370056459
            ],
            [
                0.10694574006646937
            ],
            [
                0.4588060746185419
            ]
        ],
        [
            [
                -0.097755836269807
            ],
            [
                -0.2264224979003279
            ],
            [
                1.4526235383246016
            ]
        ],
        [
            [
                -0.6529582785525825
            ],
            [
                -0.23678517720806946
            ],
            [
                0.760534066415429
            ]
        ],
        [
            [
                -0.16637443515949107
            ],
            [
                -0.16156889094097754
            ],
            [
                -0.04373794083666151
            ]
        ],
        [
            [
                -0.2584025898651044
            ],
            [
                -0.3145382482836004
            ],
            [
                -0.04797931223960455
            ]
        ],
        [
            [
                -1.2457478243727214
            ],
            [
                -0.16292400149824493
            ],
            [
                -2.546216091283943
            ]
        ]
    ],
    "travec": [
        [
            [
                -3.6970930731192175
            ],
            [
                -1.7607921353885756
            ],
            [
                24.998419314875925
            ]
        ],
        [
            [
                11.561648751529837
            ],
            [
                -0.3573269094571543
            ],
            [
                37.77072540340647
            ]
        ],
        [
            [
                24.07425514452545
            ],
            [
                -1.2621585929743482
            ],
            [
                48.39460331095158
            ]
        ],
        [
            [
                3.1833933155528813
            ],
            [
                -2.8746934660614487
            ],
            [
                38.69746774500222
            ]
        ],
        [
            [
                -7.080528515510897
            ],
            [
                -8.102691327711044
            ],
            [
                29.510754297913188
            ]
        ],
        [
            [
                2.974300620179347
            ],
            [
                -2.8008625159445013
            ],
            [
                27.930534548349577
            ]
        ],
        [
            [
                -4.284222653024896
            ],
            [
                0.4157047606286405
            ],
            [
                28.24155878245422
            ]
        ],
        [
            [
                21.439561867013644
            ],
            [
                -4.6991899572221625
            ],
            [
                47.6408120068375
            ]
        ],
        [
            [
                16.136740812547828
            ],
            [
                -14.099007333236871
            ],
            [
                49.61599606222072
            ]
        ],
        [
            [
                31.998405514085924
            ],
            [
                -13.724046912871012
            ],
            [
                53.393514340453414
            ]
        ]
    ]
}