{
    "rotation":  [
        [
            0.0,
            -0.390731,
            -0.920505
        ],
        [
            1.0,
            -0.0,
            0.0
        ],
        [
            -0.0,
            -0.920505,
            0.390731
        ]
    ] ,
    "offset": [
        0.033,
        -0.327,
        0.270
    ]
}
